-- phpMyAdmin SQL Dump
-- version 5.1.1
-- https://www.phpmyadmin.net/
--
-- Gép: 127.0.0.1
-- Létrehozás ideje: 2021. Dec 05. 15:56
-- Kiszolgáló verziója: 10.4.21-MariaDB
-- PHP verzió: 8.0.12

SET SQL_MODE = "NO_AUTO_VALUE_ON_ZERO";
START TRANSACTION;
SET time_zone = "+00:00";


/*!40101 SET @OLD_CHARACTER_SET_CLIENT=@@CHARACTER_SET_CLIENT */;
/*!40101 SET @OLD_CHARACTER_SET_RESULTS=@@CHARACTER_SET_RESULTS */;
/*!40101 SET @OLD_COLLATION_CONNECTION=@@COLLATION_CONNECTION */;
/*!40101 SET NAMES utf8mb4 */;

--
-- Adatbázis: `bad`
--

-- --------------------------------------------------------

--
-- Tábla szerkezet ehhez a táblához `author`
--

CREATE TABLE `author` (
  `authorName` varbinary(30) NOT NULL,
  `age` int(3) NOT NULL,
  `gender` varbinary(10) NOT NULL
) ENGINE=InnoDB DEFAULT CHARSET=utf8mb4;

--
-- A tábla adatainak kiíratása `author`
--

INSERT INTO `author` (`authorName`, `age`, `gender`) VALUES
(0x4173616e6f20496e696f, 41, 0x4d616c65),
(0x46756a696d6f746f2054617473756b69, 29, 0x4d616c65),
(0x4861796173686964612051, 44, 0x46656d616c65),
(0x496e6f75652054616b6568696b6f, 54, 0x4d616c65),
(0x49736869646120537569, 35, 0x4d616c65),
(0x4b616b75205975756a69, 37, 0x4d616c65),
(0x53616b616d6f746f205368696e69636869, 49, 0x4d616c65),
(0x55726173617761204e616f6b69, 61, 0x4d616c65),
(0x57616b7569204b656e, 35, 0x4d616c65),
(0x59616d6167756368692054737562617361, 33, 0x46656d616c65);

-- --------------------------------------------------------

--
-- Tábla szerkezet ehhez a táblához `book`
--

CREATE TABLE `book` (
  `bookID` int(3) NOT NULL,
  `price` int(6) NOT NULL,
  `numOfPages` int(4) NOT NULL,
  `numOfChapters` int(3) NOT NULL,
  `volumeNum` int(3) NOT NULL,
  `bSeriesName` varbinary(100) NOT NULL
) ENGINE=InnoDB DEFAULT CHARSET=utf8mb4;

--
-- A tábla adatainak kiíratása `book`
--

INSERT INTO `book` (`bookID`, `price`, `numOfPages`, `numOfChapters`, `volumeNum`, `bSeriesName`) VALUES
(1, 1265, 192, 7, 1, 0x436861696e736177204d616e),
(2, 1255, 192, 9, 2, 0x436861696e736177204d616e),
(3, 1253, 192, 9, 3, 0x436861696e736177204d616e),
(4, 3063, 208, 8, 1, 0x466972652050756e6368),
(5, 1586, 208, 10, 2, 0x466972652050756e6368),
(6, 1618, 208, 10, 3, 0x466972652050756e6368),
(7, 2184, 224, 9, 1, 0x546f6b796f2047686f756c),
(8, 1951, 208, 10, 2, 0x546f6b796f2047686f756c),
(9, 2138, 192, 10, 3, 0x546f6b796f2047686f756c),
(10, 1634, 216, 9, 1, 0x546f6b796f2047686f756c3a7265),
(11, 1547, 220, 11, 2, 0x546f6b796f2047686f756c3a7265),
(12, 1563, 244, 12, 3, 0x546f6b796f2047686f756c3a7265),
(13, 943, 170, 7, 1, 0x446f726f6865646f726f),
(14, 943, 162, 6, 2, 0x446f726f6865646f726f),
(15, 943, 174, 7, 3, 0x446f726f6865646f726f),
(16, 880, 208, 7, 1, 0x446169204461726b),
(17, 880, 208, 7, 2, 0x446169204461726b),
(18, 880, 204, 7, 3, 0x446169204461726b),
(19, 693, 219, 4, 1, 0x426c756520506572696f64),
(20, 693, 187, 4, 2, 0x426c756520506572696f64),
(21, 693, 208, 4, 3, 0x426c756520506572696f64),
(22, 2969, 208, 6, 1, 0x4a69676f6b7572616b75),
(23, 4402, 216, 10, 2, 0x4a69676f6b7572616b75),
(24, 3634, 208, 10, 3, 0x4a69676f6b7572616b75),
(25, 1749, 338, 9, 1, 0x4d6173746572204b6561746f6e),
(26, 2165, 340, 8, 2, 0x4d6173746572204b6561746f6e),
(27, 2489, 321, 9, 3, 0x4d6173746572204b6561746f6e),
(28, 1635, 279, 9, 1, 0x42696c6c7920426174),
(29, 1635, 242, 10, 2, 0x42696c6c7920426174),
(30, 1635, 251, 10, 3, 0x42696c6c7920426174),
(31, 2678, 310, 10, 1, 0x323074682043656e7475727920426f7973),
(32, 1568, 280, 11, 2, 0x323074682043656e7475727920426f7973),
(33, 4274, 294, 11, 3, 0x323074682043656e7475727920426f7973),
(34, 2514, 251, 8, 1, 0x4d6f6e73746572),
(35, 2514, 227, 9, 2, 0x4d6f6e73746572),
(36, 2514, 245, 9, 3, 0x4d6f6e73746572),
(37, 4152, 253, 4, 1, 0x43686f756a696e2058),
(38, 3562, 214, 7, 2, 0x43686f756a696e2058),
(39, 1532, 261, 7, 1, 0x59617761726121),
(40, 1234, 257, 9, 2, 0x59617761726121),
(41, 1751, 213, 9, 3, 0x59617761726121),
(42, 1367, 254, 7, 1, 0x496e6e6f63656e74),
(43, 1253, 242, 8, 2, 0x496e6e6f63656e74),
(44, 996, 212, 8, 3, 0x496e6e6f63656e74),
(45, 998, 204, 8, 1, 0x496e6e6f63656e7420526f756765),
(46, 2003, 201, 9, 2, 0x496e6e6f63656e7420526f756765),
(47, 1745, 221, 9, 3, 0x496e6e6f63656e7420526f756765),
(48, 1230, 204, 9, 1, 0x4b6f6b6f75206e6f204869746f),
(49, 1254, 198, 10, 2, 0x4b6f6b6f75206e6f204869746f),
(50, 1253, 192, 10, 3, 0x4b6f6b6f75206e6f204869746f),
(51, 1570, 195, 5, 1, 0x546f6b796f20526576656e67657273),
(52, 1241, 195, 10, 2, 0x546f6b796f20526576656e67657273),
(53, 1624, 195, 9, 3, 0x546f6b796f20526576656e67657273),
(54, 3612, 231, 8, 1, 0x4465616420446561642044656d6f6e732044656465646564656465737472756374696f6e),
(55, 3221, 214, 9, 2, 0x4465616420446561642044656d6f6e732044656465646564656465737472756374696f6e),
(56, 2640, 238, 9, 3, 0x4465616420446561642044656d6f6e732044656465646564656465737472756374696f6e),
(57, 5235, 260, 12, 1, 0x4f796173756d692050756e70756e),
(58, 3212, 249, 11, 2, 0x4f796173756d692050756e70756e),
(59, 3624, 254, 11, 3, 0x4f796173756d692050756e70756e),
(60, 4321, 246, 10, 1, 0x56616761626f6e64),
(61, 4842, 238, 11, 2, 0x56616761626f6e64),
(62, 2641, 226, 10, 3, 0x56616761626f6e64),
(63, 1520, 263, 9, 1, 0x536c616d2044756e6b),
(64, 1523, 251, 10, 2, 0x536c616d2044756e6b),
(65, 1359, 239, 10, 3, 0x536c616d2044756e6b);

-- --------------------------------------------------------

--
-- Tábla szerkezet ehhez a táblához `bookstore`
--

CREATE TABLE `bookstore` (
  `bookstoreName` varbinary(30) NOT NULL,
  `city` varbinary(30) NOT NULL,
  `street` varbinary(30) NOT NULL
) ENGINE=InnoDB DEFAULT CHARSET=utf8mb4;

--
-- A tábla adatainak kiíratása `bookstore`
--

INSERT INTO `bookstore` (`bookstoreName`, `city`, `street`) VALUES
(0x4b696e6f6b756e697961, 0x546f6b796f, 0x536569627520536869627579612053746f7265204275696c64696e67),
(0x4d616e646172616b65, 0x546f6b796f, 0x5564616761776163686f),
(0x5473757461796120426f6f6b73, 0x546f6b796f, 0x4461696b616e79616d6120542d53697465);

-- --------------------------------------------------------

--
-- Tábla szerkezet ehhez a táblához `magazine`
--

CREATE TABLE `magazine` (
  `magazineName` varbinary(50) NOT NULL,
  `demographic` varbinary(20) NOT NULL,
  `serializationTime` varbinary(20) NOT NULL,
  `magazinePrice` int(6) NOT NULL,
  `mPublisherName` varbinary(20) NOT NULL
) ENGINE=InnoDB DEFAULT CHARSET=utf8mb4;

--
-- A tábla adatainak kiíratása `magazine`
--

INSERT INTO `magazine` (`magazineName`, `demographic`, `serializationTime`, `magazinePrice`, `mPublisherName`) VALUES
(0x41667465726e6f6f6e, 0x5365696e656e, 0x4d6f6e74686c79, 480, 0x4b6f64616e736861),
(0x42696720436f6d6963204f726967696e616c, 0x5365696e656e, 0x53656d692d4d6f6e74686c79, 340, 0x53686f67616b756b616e),
(0x42696720436f6d696320537069726974, 0x5365696e656e, 0x5765656b6c79, 280, 0x53686f67616b756b616e),
(0x47657373616e, 0x53686f756e656e, 0x4d6f6e74686c79, 270, 0x53686f67616b756b616e),
(0x4772616e64204a756d70, 0x5365696e656e, 0x53656d692d4d6f6e74686c79, 300, 0x5368756569736861),
(0x4d6f726e696e67, 0x5365696e656e, 0x5765656b6c79, 330, 0x4b6f64616e736861),
(0x53686f756e656e204a756d702b, 0x53686f756e656e, 0x5765656b6c79, 0, 0x5368756569736861),
(0x546f6e617269206e6f20596f756e67204a756d70, 0x5365696e656e, 0x4d6f6e74686c79, 300, 0x5368756569736861),
(0x5765656b6c792053686f756e656e204a756d70, 0x53686f756e656e, 0x5765656b6c79, 300, 0x5368756569736861),
(0x5765656b6c792053686f756e656e204d6167617a696e65, 0x53686f756e656e, 0x5765656b6c79, 300, 0x4b6f64616e736861),
(0x596f756e67204a756d70, 0x5365696e656e, 0x5765656b6c79, 300, 0x5368756569736861);

-- --------------------------------------------------------

--
-- A nézet helyettes szerkezete `maxview`
-- (Lásd alább az aktuális nézetet)
--
CREATE TABLE `maxview` (
`authorName` varbinary(30)
,`maxreaders` decimal(32,0)
);

-- --------------------------------------------------------

--
-- Tábla szerkezet ehhez a táblához `president`
--

CREATE TABLE `president` (
  `presName` varbinary(30) NOT NULL,
  `presAge` int(3) NOT NULL,
  `presGender` varbinary(10) NOT NULL,
  `pPublisherName` varbinary(20) NOT NULL
) ENGINE=InnoDB DEFAULT CHARSET=utf8mb4;

--
-- A tábla adatainak kiíratása `president`
--

INSERT INTO `president` (`presName`, `presAge`, `presGender`, `pPublisherName`) VALUES
(0x486f726975636869204d61727565, 70, 0x4d616c65, 0x5368756569736861),
(0x4e6f6d6120596f7368696e6f6275, 52, 0x4d616c65, 0x4b6f64616e736861),
(0x4f756761204d6173616869726f, 73, 0x4d616c65, 0x53686f67616b756b616e);

-- --------------------------------------------------------

--
-- Tábla szerkezet ehhez a táblához `publisher`
--

CREATE TABLE `publisher` (
  `publisherName` varbinary(20) NOT NULL,
  `phoneNumber` int(15) NOT NULL,
  `city` varbinary(30) NOT NULL,
  `street` varbinary(50) NOT NULL,
  `emailAddress` varbinary(50) NOT NULL
) ENGINE=InnoDB DEFAULT CHARSET=utf8mb4;

--
-- A tábla adatainak kiíratása `publisher`
--

INSERT INTO `publisher` (`publisherName`, `phoneNumber`, `city`, `street`, `emailAddress`) VALUES
(0x4b6f64616e736861, 2147483647, 0x546f6b796f, 0x322d31322d3231204f746f77612042756e6b796f2d6b75, 0x68656c6c6f406b6f64616e736861636f6d6963732e636f6d),
(0x53686f67616b756b616e, 2147483647, 0x546f6b796f, 0x322d332d31204869746f747375626173686920436869796f64612d6b75, 0x696e666f4073686f67616b756b616e2e61736961),
(0x5368756569736861, 2147483647, 0x546f6b796f, 0x322d352d3130204869746f747375626173686920436869796f64612d6b75, 0x6c6567616c4073687565697368612e636f2e6a70);

-- --------------------------------------------------------

--
-- Tábla szerkezet ehhez a táblához `selling`
--

CREATE TABLE `selling` (
  `sBookID` int(3) NOT NULL,
  `sBookstoreName` varbinary(30) NOT NULL,
  `numOfSells` int(10) NOT NULL
) ENGINE=InnoDB DEFAULT CHARSET=utf8mb4;

--
-- A tábla adatainak kiíratása `selling`
--

INSERT INTO `selling` (`sBookID`, `sBookstoreName`, `numOfSells`) VALUES
(1, 0x4b696e6f6b756e697961, 12501),
(4, 0x4b696e6f6b756e697961, 5251),
(41, 0x4b696e6f6b756e697961, 3422),
(54, 0x4b696e6f6b756e697961, 452),
(55, 0x4b696e6f6b756e697961, 5124),
(57, 0x4b696e6f6b756e697961, 8475),
(60, 0x4b696e6f6b756e697961, 2332),
(61, 0x4b696e6f6b756e697961, 451),
(12, 0x4d616e646172616b65, 6332),
(32, 0x4d616e646172616b65, 6342),
(33, 0x4d616e646172616b65, 321),
(37, 0x4d616e646172616b65, 521),
(40, 0x4d616e646172616b65, 7343),
(41, 0x4d616e646172616b65, 5345),
(42, 0x4d616e646172616b65, 4243),
(55, 0x4d616e646172616b65, 8563),
(2, 0x5473757461796120426f6f6b73, 21334),
(4, 0x5473757461796120426f6f6b73, 4223),
(5, 0x5473757461796120426f6f6b73, 534),
(7, 0x5473757461796120426f6f6b73, 5232),
(45, 0x5473757461796120426f6f6b73, 4345),
(55, 0x5473757461796120426f6f6b73, 453),
(60, 0x5473757461796120426f6f6b73, 978),
(64, 0x5473757461796120426f6f6b73, 657);

-- --------------------------------------------------------

--
-- Tábla szerkezet ehhez a táblához `series`
--

CREATE TABLE `series` (
  `seriesName` varbinary(100) NOT NULL,
  `ranking` int(5) NOT NULL,
  `numOfReaders` int(10) NOT NULL,
  `sMagazineName` varbinary(50) NOT NULL,
  `sAuthorName` varbinary(30) NOT NULL
) ENGINE=InnoDB DEFAULT CHARSET=utf8mb4;

--
-- A tábla adatainak kiíratása `series`
--

INSERT INTO `series` (`seriesName`, `ranking`, `numOfReaders`, `sMagazineName`, `sAuthorName`) VALUES
(0x323074682043656e7475727920426f7973, 13, 162999, 0x42696720436f6d696320537069726974, 0x55726173617761204e616f6b69),
(0x4179617368696d6f6e, 2501, 7136, 0x5765656b6c792053686f756e656e204a756d70, 0x4b616b75205975756a69),
(0x42696c6c7920426174, 176, 38106, 0x4d6f726e696e67, 0x55726173617761204e616f6b69),
(0x426c756520506572696f64, 41, 72255, 0x41667465726e6f6f6e, 0x59616d6167756368692054737562617361),
(0x436861696e736177204d616e, 49, 323199, 0x5765656b6c792053686f756e656e204a756d70, 0x46756a696d6f746f2054617473756b69),
(0x43686f756a696e2058, 5639, 21430, 0x546f6e617269206e6f20596f756e67204a756d70, 0x49736869646120537569),
(0x446169204461726b, 1303, 14245, 0x47657373616e, 0x4861796173686964612051),
(0x4465616420446561642044656d6f6e732044656465646564656465737472756374696f6e, 343, 40894, 0x42696720436f6d696320537069726974, 0x4173616e6f20496e696f),
(0x446f726f6865646f726f, 57, 117115, 0x47657373616e, 0x4861796173686964612051),
(0x466972652050756e6368, 1272, 87242, 0x53686f756e656e204a756d702b, 0x46756a696d6f746f2054617473756b69),
(0x496e6e6f63656e74, 405, 32877, 0x596f756e67204a756d70, 0x53616b616d6f746f205368696e69636869),
(0x496e6e6f63656e7420526f756765, 199, 15246, 0x4772616e64204a756d70, 0x53616b616d6f746f205368696e69636869),
(0x4a69676f6b7572616b75, 400, 62010, 0x53686f756e656e204a756d702b, 0x4b616b75205975756a69),
(0x4b6f6b6f75206e6f204869746f, 74, 53081, 0x596f756e67204a756d70, 0x53616b616d6f746f205368696e69636869),
(0x4d6173746572204b6561746f6e, 1416, 5987, 0x42696720436f6d6963204f726967696e616c, 0x55726173617761204e616f6b69),
(0x4d6f6e73746572, 5, 162828, 0x42696720436f6d6963204f726967696e616c, 0x55726173617761204e616f6b69),
(0x4f796173756d692050756e70756e, 7, 304676, 0x42696720436f6d696320537069726974, 0x4173616e6f20496e696f),
(0x536c616d2044756e6b, 9, 114210, 0x5765656b6c792053686f756e656e204a756d70, 0x496e6f75652054616b6568696b6f),
(0x546f6b796f2047686f756c, 112, 394962, 0x596f756e67204a756d70, 0x49736869646120537569),
(0x546f6b796f2047686f756c3a7265, 348, 223843, 0x596f756e67204a756d70, 0x49736869646120537569),
(0x546f6b796f20526576656e67657273, 51, 141478, 0x5765656b6c792053686f756e656e204d6167617a696e65, 0x57616b7569204b656e),
(0x56616761626f6e64, 4, 234156, 0x4d6f726e696e67, 0x496e6f75652054616b6568696b6f),
(0x59617761726121, 2989, 4627, 0x42696720436f6d696320537069726974, 0x55726173617761204e616f6b69);

-- --------------------------------------------------------

--
-- Tábla szerkezet ehhez a táblához `seriesgenre`
--

CREATE TABLE `seriesgenre` (
  `genre` varbinary(30) NOT NULL,
  `gSeriesName` varbinary(100) NOT NULL
) ENGINE=InnoDB DEFAULT CHARSET=utf8mb4;

--
-- A tábla adatainak kiíratása `seriesgenre`
--

INSERT INTO `seriesgenre` (`genre`, `gSeriesName`) VALUES
(0x416374696f6e, 0x436861696e736177204d616e),
(0x416476656e74757265, 0x436861696e736177204d616e),
(0x416374696f6e, 0x466972652050756e6368),
(0x4d797374657279, 0x466972652050756e6368),
(0x53757065726e61747572616c, 0x466972652050756e6368),
(0x416374696f6e, 0x546f6b796f2047686f756c),
(0x4472616d61, 0x546f6b796f2047686f756c),
(0x4d797374657279, 0x546f6b796f2047686f756c),
(0x53757065726e61747572616c, 0x546f6b796f2047686f756c),
(0x486f72726f72, 0x546f6b796f2047686f756c),
(0x416374696f6e, 0x546f6b796f2047686f756c3a7265),
(0x4472616d61, 0x546f6b796f2047686f756c3a7265),
(0x4d797374657279, 0x546f6b796f2047686f756c3a7265),
(0x53757065726e61747572616c, 0x546f6b796f2047686f756c3a7265),
(0x486f72726f72, 0x546f6b796f2047686f756c3a7265),
(0x416374696f6e, 0x43686f756a696e2058),
(0x53757065726e61747572616c, 0x43686f756a696e2058),
(0x416374696f6e, 0x446f726f6865646f726f),
(0x436f6d656479, 0x446f726f6865646f726f),
(0x46616e74617379, 0x446f726f6865646f726f),
(0x486f72726f72, 0x446f726f6865646f726f),
(0x416374696f6e, 0x446169204461726b),
(0x416476656e74757265, 0x446169204461726b),
(0x5363692d4669, 0x446169204461726b),
(0x536c696365206f66204c696665, 0x426c756520506572696f64),
(0x4472616d61, 0x426c756520506572696f64),
(0x416374696f6e, 0x4a69676f6b7572616b75),
(0x416476656e74757265, 0x4a69676f6b7572616b75),
(0x416374696f6e, 0x4179617368696d6f6e),
(0x53757065726e61747572616c, 0x4179617368696d6f6e),
(0x416476656e74757265, 0x4d6173746572204b6561746f6e),
(0x4d797374657279, 0x4d6173746572204b6561746f6e),
(0x536c696365206f66204c696665, 0x4d6173746572204b6561746f6e),
(0x4472616d61, 0x4d6173746572204b6561746f6e),
(0x4472616d61, 0x42696c6c7920426174),
(0x4d797374657279, 0x42696c6c7920426174),
(0x53757065726e61747572616c, 0x42696c6c7920426174),
(0x4472616d61, 0x323074682043656e7475727920426f7973),
(0x4d797374657279, 0x323074682043656e7475727920426f7973),
(0x5363692d4669, 0x323074682043656e7475727920426f7973),
(0x4472616d61, 0x4d6f6e73746572),
(0x4d797374657279, 0x4d6f6e73746572),
(0x436f6d656479, 0x59617761726121),
(0x526f6d616e6365, 0x59617761726121),
(0x53706f727473, 0x59617761726121),
(0x4472616d61, 0x496e6e6f63656e74),
(0x4472616d61, 0x496e6e6f63656e7420526f756765),
(0x4472616d61, 0x4b6f6b6f75206e6f204869746f),
(0x53706f727473, 0x4b6f6b6f75206e6f204869746f),
(0x416374696f6e, 0x546f6b796f20526576656e67657273),
(0x4472616d61, 0x4465616420446561642044656d6f6e732044656465646564656465737472756374696f6e),
(0x436f6d656479, 0x4465616420446561642044656d6f6e732044656465646564656465737472756374696f6e),
(0x5363692d4669, 0x4465616420446561642044656d6f6e732044656465646564656465737472756374696f6e),
(0x536c696365206f66204c696665, 0x4465616420446561642044656d6f6e732044656465646564656465737472756374696f6e),
(0x4472616d61, 0x4f796173756d692050756e70756e),
(0x536c696365206f66204c696665, 0x4f796173756d692050756e70756e),
(0x4472616d61, 0x56616761626f6e64),
(0x416374696f6e, 0x56616761626f6e64),
(0x416476656e74757265, 0x56616761626f6e64),
(0x4472616d61, 0x536c616d2044756e6b),
(0x53706f727473, 0x536c616d2044756e6b),
(0x436f6d656479, 0x536c616d2044756e6b);

-- --------------------------------------------------------

--
-- A nézet helyettes szerkezete `view1`
-- (Lásd alább az aktuális nézetet)
--
CREATE TABLE `view1` (
`authorName` varbinary(30)
,`SUM(numOfReaders)` decimal(32,0)
);

-- --------------------------------------------------------

--
-- A nézet helyettes szerkezete `view2`
-- (Lásd alább az aktuális nézetet)
--
CREATE TABLE `view2` (
`authorName` varbinary(30)
,`reader` decimal(32,0)
);

-- --------------------------------------------------------

--
-- Nézet szerkezete `maxview`
--
DROP TABLE IF EXISTS `maxview`;

CREATE ALGORITHM=UNDEFINED DEFINER=`root`@`localhost` SQL SECURITY DEFINER VIEW `maxview`  AS SELECT `author`.`authorName` AS `authorName`, sum(`series`.`numOfReaders`) AS `maxreaders` FROM (`series` join `author` on(`series`.`sAuthorName` = `author`.`authorName`)) GROUP BY `author`.`authorName` ;

-- --------------------------------------------------------

--
-- Nézet szerkezete `view1`
--
DROP TABLE IF EXISTS `view1`;

CREATE ALGORITHM=UNDEFINED DEFINER=`root`@`localhost` SQL SECURITY DEFINER VIEW `view1`  AS SELECT `author`.`authorName` AS `authorName`, sum(`series`.`numOfReaders`) AS `SUM(numOfReaders)` FROM (`author` join `series` on(`author`.`authorName` = `series`.`sAuthorName`)) GROUP BY `author`.`authorName` ;

-- --------------------------------------------------------

--
-- Nézet szerkezete `view2`
--
DROP TABLE IF EXISTS `view2`;

CREATE ALGORITHM=UNDEFINED DEFINER=`root`@`localhost` SQL SECURITY DEFINER VIEW `view2`  AS SELECT `author`.`authorName` AS `authorName`, sum(`series`.`numOfReaders`) AS `reader` FROM (`series` join `author` on(`author`.`authorName` = `series`.`sAuthorName`)) GROUP BY `author`.`authorName` ;

--
-- Indexek a kiírt táblákhoz
--

--
-- A tábla indexei `author`
--
ALTER TABLE `author`
  ADD PRIMARY KEY (`authorName`);

--
-- A tábla indexei `book`
--
ALTER TABLE `book`
  ADD PRIMARY KEY (`bookID`),
  ADD KEY `bSeriesName` (`bSeriesName`);

--
-- A tábla indexei `bookstore`
--
ALTER TABLE `bookstore`
  ADD PRIMARY KEY (`bookstoreName`);

--
-- A tábla indexei `magazine`
--
ALTER TABLE `magazine`
  ADD PRIMARY KEY (`magazineName`),
  ADD KEY `mPublisherName` (`mPublisherName`);

--
-- A tábla indexei `president`
--
ALTER TABLE `president`
  ADD PRIMARY KEY (`presName`),
  ADD KEY `pPublisherName` (`pPublisherName`);

--
-- A tábla indexei `publisher`
--
ALTER TABLE `publisher`
  ADD PRIMARY KEY (`publisherName`);

--
-- A tábla indexei `selling`
--
ALTER TABLE `selling`
  ADD KEY `sBookstoreName` (`sBookstoreName`),
  ADD KEY `sBookID` (`sBookID`);

--
-- A tábla indexei `series`
--
ALTER TABLE `series`
  ADD PRIMARY KEY (`seriesName`),
  ADD KEY `sAuthorName` (`sAuthorName`),
  ADD KEY `sMagazineName` (`sMagazineName`);

--
-- A tábla indexei `seriesgenre`
--
ALTER TABLE `seriesgenre`
  ADD KEY `gSeriesName` (`gSeriesName`);

--
-- Megkötések a kiírt táblákhoz
--

--
-- Megkötések a táblához `book`
--
ALTER TABLE `book`
  ADD CONSTRAINT `book_ibfk_1` FOREIGN KEY (`bSeriesName`) REFERENCES `series` (`seriesName`);

--
-- Megkötések a táblához `magazine`
--
ALTER TABLE `magazine`
  ADD CONSTRAINT `magazine_ibfk_1` FOREIGN KEY (`mPublisherName`) REFERENCES `publisher` (`publisherName`);

--
-- Megkötések a táblához `president`
--
ALTER TABLE `president`
  ADD CONSTRAINT `president_ibfk_1` FOREIGN KEY (`pPublisherName`) REFERENCES `publisher` (`publisherName`);

--
-- Megkötések a táblához `selling`
--
ALTER TABLE `selling`
  ADD CONSTRAINT `selling_ibfk_1` FOREIGN KEY (`sBookstoreName`) REFERENCES `bookstore` (`bookstoreName`),
  ADD CONSTRAINT `selling_ibfk_2` FOREIGN KEY (`sBookID`) REFERENCES `book` (`bookID`);

--
-- Megkötések a táblához `series`
--
ALTER TABLE `series`
  ADD CONSTRAINT `series_ibfk_1` FOREIGN KEY (`sAuthorName`) REFERENCES `author` (`authorName`),
  ADD CONSTRAINT `series_ibfk_2` FOREIGN KEY (`sMagazineName`) REFERENCES `magazine` (`magazineName`);

--
-- Megkötések a táblához `seriesgenre`
--
ALTER TABLE `seriesgenre`
  ADD CONSTRAINT `seriesgenre_ibfk_1` FOREIGN KEY (`gSeriesName`) REFERENCES `series` (`seriesName`);
COMMIT;

/*!40101 SET CHARACTER_SET_CLIENT=@OLD_CHARACTER_SET_CLIENT */;
/*!40101 SET CHARACTER_SET_RESULTS=@OLD_CHARACTER_SET_RESULTS */;
/*!40101 SET COLLATION_CONNECTION=@OLD_COLLATION_CONNECTION */;
